{"name":"fddb9d8a-6ebb-4b06-b450-a686ebfc5cef","id":"/providers/Microsoft.Flow/flows/fddb9d8a-6ebb-4b06-b450-a686ebfc5cef","type":"Microsoft.Flow/flows","properties":{"apiId":"/providers/Microsoft.PowerApps/apis/shared_logicflows","displayName":" Claim_App_POSTCLAIM","definition":{"metadata":{"workflowEntityId":null,"processAdvisorMetadata":null,"flowclientsuspensionreason":"None","flowclientsuspensiontime":null,"creator":{"id":"6151be85-f603-4eab-b9f5-b715c330258c","type":"User","tenantId":"6f861b53-4be6-43e1-96ee-645b3ce13327"},"provisioningMethod":"FromDefinition","failureAlertSubscription":true,"clientLastModifiedTime":"2022-06-15T09:29:03.8076995Z"},"$schema":"https://schema.management.azure.com/providers/Microsoft.Logic/schemas/2016-06-01/workflowdefinition.json#","contentVersion":"1.0.0.0","parameters":{"$authentication":{"defaultValue":{},"type":"SecureObject"}},"triggers":{"manual":{"metadata":{"operationMetadataId":"e2bf5b9f-c5f8-4902-a243-c047f1fdba72"},"type":"Request","kind":"PowerApp","inputs":{"schema":{"type":"object","properties":{"Compose_Inputs":{"type":"any","description":"Inputs","x-ms-powerflows-param-ispartial":false}},"required":["Compose_Inputs"]}}}},"actions":{"Compose":{"runAfter":{},"metadata":{"operationMetadataId":"94dbdcd2-a858-42bf-9110-930a0fb8cd1f"},"type":"Compose","inputs":"@triggerBody()['Compose_Inputs']"},"Parse_JSON":{"runAfter":{"Compose":["Succeeded"]},"metadata":{"operationMetadataId":"f86c039c-ca22-4e1f-ba2d-01f465e3ef1e"},"type":"ParseJson","inputs":{"content":"@outputs('Compose')","schema":{"type":"array","items":{"type":"object","properties":{"claim":{"type":"string"}},"required":["claim"]}}}},"Apply_to_each":{"foreach":"@body('Parse_JSON')","actions":{"HTTP":{"runAfter":{},"metadata":{"operationMetadataId":"8352fcae-860e-4e91-8365-953823509d00"},"type":"Http","inputs":{"method":"POST","uri":"http://claims-manager.a87a364509b642d581f2.westeurope.aksapp.io/claims","body":{"claim":"@{items('Apply_to_each')['claim']}"}}}},"runAfter":{"Parse_JSON":["Succeeded"]},"metadata":{"operationMetadataId":"57806bf6-0b90-426c-a63e-24e3c46dd9e6"},"type":"Foreach"}},"outputs":{}},"connectionReferences":{},"flowFailureAlertSubscribed":false,"isManaged":false}}