{"schemaVersion":"1.0","appDefinitionTemplate":{"id":"/providers/Microsoft.PowerApps/apps/","type":"Microsoft.PowerApps/apps","tags":{"primaryDeviceWidth":"1920","primaryDeviceHeight":"1080","supportsPortrait":"false","supportsLandscape":"true","primaryFormFactor":"Tablet","publisherVersion":"3.22055.13","minimumRequiredApiVersion":"2.2.0","hasComponent":"true","hasUnlockedComponent":"true","isUnifiedRootApp":"false","sienaVersion":"20220614T144604Z-3.22055.13.0"},"properties":{"appVersion":"2022-06-14T14:46:04Z","lifeCycleId":"Published","createdByClientVersion":{"major":3,"minor":22055,"build":13,"revision":0,"majorRevision":0,"minorRevision":0},"minClientVersion":{"major":3,"minor":22055,"build":13,"revision":0,"majorRevision":0,"minorRevision":0},"backgroundColor":"rgba(31, 239, 242, 1)","backgroundImageUri":"/9260344259336973173/N89e51f5a-119e-4691-a292-07047c7040e7-logoSmallFile","displayName":"Claim_App","description":"Submit your claims","commitMessage":"","appUris":{"documentUri":{"value":"/9260344259336973173/N0c128853-73cb-483f-8de3-60ec311b17cc-document.msapp"},"imageUris":[]},"createdTime":"0001-01-01T00:00:00Z","lastModifiedTime":"0001-01-01T00:00:00Z","sharedGroupsCount":0,"sharedUsersCount":0,"icons":{"smallIconUri":"/9260344259336973173/N4243fd4a-ecdc-40b3-8231-2e4d183adfba-small.png","mediumIconUri":"/9260344259336973173/Ndefaa3f6-1d1d-4252-893c-c6fae74391fa-medium.png","largeIconUri":"/9260344259336973173/Na0ecdc69-d6ce-4540-acea-f2b5ee1d642a-large.png","wideIconUri":"/9260344259336973173/Na826ecfd-b320-4cd4-a90e-d7c925458a93-wide.png"},"connectionReferences":{"6ae65b35-614e-4dd9-a179-6406de9f2d10":{"id":"55519a44-7f3f-4d69-9395-6cb793155a6e","displayName":"Logic flows","iconUri":"https://connectoricons-prod.azureedge.net/releases/v1.0.1534/1.0.1534.2605/logicflows/icon.png","dataSources":["Claim_App_GETALLCLAIMS"],"dependencies":[],"dependents":[],"parameterHints":{"workflowName":{"value":"cd0cf314-d751-41c4-afe9-22e7d237bf85"},"workflowEntityId":{}},"parameterHintsV2":{"workflowName":{"value":"cd0cf314-d751-41c4-afe9-22e7d237bf85"},"workflowEntityId":{}},"isOnPremiseConnection":false,"dataSets":{},"apiTier":"Standard","isCustomApiConnection":false,"actions":["Run"],"nestedActions":[]},"56548749-31ba-4495-a13a-d628481b6a38":{"id":"55519a44-7f3f-4d69-9395-6cb793155a6e","displayName":"Logic flows","iconUri":"https://connectoricons-prod.azureedge.net/releases/v1.0.1534/1.0.1534.2605/logicflows/icon.png","dataSources":["Claim_App_POSTCLAIM"],"dependencies":[],"dependents":[],"parameterHints":{"workflowName":{"value":"0f7bab26-5967-499b-900b-e6b34c5b9e2b"},"workflowEntityId":{}},"parameterHintsV2":{"workflowName":{"value":"0f7bab26-5967-499b-900b-e6b34c5b9e2b"},"workflowEntityId":{}},"isOnPremiseConnection":false,"dataSets":{},"apiTier":"Standard","isCustomApiConnection":false,"actions":["Run"],"nestedActions":[]}},"databaseReferences":{},"almMode":"Solution","performanceOptimizationEnabled":true,"canConsumeAppPass":true,"executionRestrictions":{"isTeamsOnly":false,"dataLossPreventionEvaluationResult":{"status":"Compliant","lastEvaluationDate":"2022-06-14T14:46:22.0689572Z","violations":[],"violationsByPolicy":[],"violationErrorMessage":"The app uses the following connectors: shared_logicflows."},"httpActionRestriction":{"appUsesSharepointHttpAction":false,"enforcementStrategy":"Legacy","evaluationTime":"2022-06-14T14:46:22.0688718Z"}}},"appType":"ClassicCanvasApp","appComponents":[]}}