{"schemaVersion":"1.0","appDefinitionTemplate":{"id":"/providers/Microsoft.PowerApps/apps/","type":"Microsoft.PowerApps/apps","tags":{"primaryDeviceWidth":"1920","primaryDeviceHeight":"1080","supportsPortrait":"false","supportsLandscape":"true","primaryFormFactor":"Tablet","publisherVersion":"3.22064.18","minimumRequiredApiVersion":"2.2.0","hasComponent":"true","hasUnlockedComponent":"true","isUnifiedRootApp":"false","sienaVersion":"20220719T101056Z-3.22064.18.0"},"properties":{"appVersion":"2022-07-19T10:10:56Z","lifeCycleId":"Published","createdByClientVersion":{"major":3,"minor":22064,"build":18,"revision":0,"majorRevision":0,"minorRevision":0},"minClientVersion":{"major":3,"minor":22064,"build":18,"revision":0,"majorRevision":0,"minorRevision":0},"backgroundColor":"rgba(31, 239, 242, 1)","backgroundImageUri":"/10199857095952772060/N01d1d7eb-8be6-4ba1-8768-66e2badda6f3-logoSmallFile","displayName":"Claim_App","description":"Submit your claims","commitMessage":"","appUris":{"documentUri":{"value":"/10199857095952772060/N03a5b020-3644-4a04-9c67-4eadfc90e5da-document.msapp"},"imageUris":[],"additionalUris":[]},"createdTime":"0001-01-01T00:00:00Z","lastModifiedTime":"0001-01-01T00:00:00Z","sharedGroupsCount":0,"sharedUsersCount":0,"icons":{"smallIconUri":"/10199857095952772060/N1b307994-872e-4a82-ba10-b0af39aa7041-small.png","mediumIconUri":"/10199857095952772060/N8df2fcff-3ab4-4b37-a90d-e496ddf5d7de-medium.png","largeIconUri":"/10199857095952772060/N3d0f9186-fe75-42f9-bfc9-22a0273d987a-large.png","wideIconUri":"/10199857095952772060/Nc84390e8-d2b6-4969-a233-09d1f930a93e-wide.png"},"connectionReferences":{"6ae65b35-614e-4dd9-a179-6406de9f2d10":{"id":"f60dd688-4a71-477c-a841-66ec7777db65","displayName":"Logic flows","iconUri":"https://connectoricons-prod.azureedge.net/releases/v1.0.1534/1.0.1534.2605/logicflows/icon.png","dataSources":["Claim_App_GETALLCLAIMS"],"dependencies":[],"dependents":[],"parameterHints":{"workflowName":{"value":"feff1bb7-c758-4570-8cb8-b3485d3669db"},"workflowEntityId":{}},"parameterHintsV2":{"workflowName":{"value":"feff1bb7-c758-4570-8cb8-b3485d3669db"},"workflowEntityId":{}},"isOnPremiseConnection":false,"bypassConsent":false,"dataSets":{},"apiTier":"Standard","isCustomApiConnection":false,"actions":["Run"]},"56548749-31ba-4495-a13a-d628481b6a38":{"id":"f60dd688-4a71-477c-a841-66ec7777db65","displayName":"Logic flows","iconUri":"https://connectoricons-prod.azureedge.net/releases/v1.0.1534/1.0.1534.2605/logicflows/icon.png","dataSources":["Claim_App_POSTCLAIM"],"dependencies":[],"dependents":[],"parameterHints":{"workflowName":{"value":"8bb750b7-d7de-4235-b214-8d7a8d4b5476"},"workflowEntityId":{}},"parameterHintsV2":{"workflowName":{"value":"8bb750b7-d7de-4235-b214-8d7a8d4b5476"},"workflowEntityId":{}},"isOnPremiseConnection":false,"bypassConsent":false,"dataSets":{},"apiTier":"Standard","isCustomApiConnection":false,"actions":["Run"]}},"authorizationReferences":[{"resourceId":"powerbi"}],"databaseReferences":{},"almMode":"Solution","performanceOptimizationEnabled":true,"canConsumeAppPass":true,"executionRestrictions":{"isTeamsOnly":false,"dataLossPreventionEvaluationResult":{"status":"Compliant","lastEvaluationDate":"2022-06-14T14:46:22.0689572Z","violations":[],"violationsByPolicy":[],"violationErrorMessage":"The app uses the following connectors: shared_logicflows."},"httpActionRestriction":{"appUsesSharepointHttpAction":false,"enforcementStrategy":"Legacy","evaluationTime":"2022-06-14T14:46:22.0688718Z"}}},"appType":"ClassicCanvasApp","appComponents":[]}}