{"name":"ff8d3113-46dd-43e0-a037-5b2b97acbfe5","id":"/providers/Microsoft.Flow/flows/ff8d3113-46dd-43e0-a037-5b2b97acbfe5","type":"Microsoft.Flow/flows","properties":{"apiId":"/providers/Microsoft.PowerApps/apis/shared_logicflows","displayName":"Claim_App_GETALLCLAIMS","definition":{"metadata":{"workflowEntityId":null,"processAdvisorMetadata":null,"flowclientsuspensionreason":"AllActionsFailingDetected","flowclientsuspensiontime":"2022-07-18T23:09:56.7239927Z","creator":{"id":"6151be85-f603-4eab-b9f5-b715c330258c","type":"User","tenantId":"6f861b53-4be6-43e1-96ee-645b3ce13327"},"provisioningMethod":"FromDefinition","failureAlertSubscription":true,"clientLastModifiedTime":"2022-06-15T09:29:04.2452055Z","flowclientsuspensionreasondetails":null},"$schema":"https://schema.management.azure.com/providers/Microsoft.Logic/schemas/2016-06-01/workflowdefinition.json#","contentVersion":"1.0.0.0","parameters":{"$authentication":{"defaultValue":{},"type":"SecureObject"}},"triggers":{"manual":{"metadata":{"operationMetadataId":"c3fe44a4-4520-4d33-9edb-179da531c075"},"type":"Request","kind":"PowerApp","inputs":{"schema":{"type":"object","properties":{},"required":[]}}}},"actions":{"HTTP":{"runAfter":{},"metadata":{"operationMetadataId":"1bb0e672-9a38-45bd-acbb-b53e5c39ec5e"},"type":"Http","inputs":{"method":"GET","uri":"http://claims-reader.a87a364509b642d581f2.westeurope.aksapp.io/claims/"}},"Response":{"runAfter":{"HTTP":["Succeeded"]},"metadata":{"operationMetadataId":"875b0bd1-f616-4f1f-ae28-a1284842cf55"},"type":"Response","kind":"Http","inputs":{"statusCode":200,"body":"@body('HTTP')"}}},"outputs":{}},"connectionReferences":{},"flowFailureAlertSubscribed":false,"isManaged":false}}